M	.devcontainer/devcontainer.json
M	.gitattributes
D	.github/agents/customize.agent.md
D	.github/agents/docs.agent.md
M	.github/workflows/broken-links-site.yml
M	.github/workflows/broken-links.yml
M	.github/workflows/deploy.yml
M	.github/workflows/docker-slim.yml
D	.github/workflows/update-citations.yml
D	.github/workflows/update-tocs.yml
M	.gitignore
M	.lycheeignore
M	.prettierignore
M	CONTRIBUTING.md
D	CONTRIBUTING.pt-br.md
M	CUSTOMIZE.md
D	CUSTOMIZE.pt-br.md
M	Dockerfile
M	FAQ.md
D	FAQ.pt-br.md
M	Gemfile
M	Gemfile.lock
M	INSTALL.md
D	INSTALL.pt-br.md
M	README.md
D	README.pt-br.md
M	UPGRADING.md
D	UPGRADING.pt-br.md
A	_bibliography/.DS_Store
M	_bibliography/papers.bib
D	_books/en-us/the_godfather.md
D	_books/pt-br/the_godfather.md
M	_config.yml
D	_data/citations.yml
M	_data/en-us/strings.yml
M	_data/fr-ca/strings.yml
R100	_data/pt-br/cv.yml	_data/ja/cv.yml
A	_data/ja/strings.yml
D	_data/pt-br/strings.yml
M	_data/repositories.yml
M	_data/socials.yml
A	_includes/.DS_Store
M	_includes/cv/time_table.liquid
M	_includes/date_format.liquid
M	_includes/distill_scripts.liquid
M	_includes/figure.liquid
M	_includes/footer.liquid
M	_includes/giscus.liquid
M	_includes/head.liquid
M	_includes/header.liquid
M	_includes/metadata.liquid
A	_includes/reading_time.liquid
M	_includes/related_posts.liquid
M	_includes/repository/repo.liquid
M	_includes/repository/repo_trophies.liquid
M	_includes/repository/repo_user.liquid
M	_includes/resume/awards.liquid
M	_includes/resume/education.liquid
M	_includes/resume/interests.liquid
M	_includes/resume/projects.liquid
M	_includes/resume/publications.liquid
M	_includes/resume/volunteer.liquid
M	_includes/resume/work.liquid
M	_includes/scripts.liquid
A	_includes/social.liquid
M	_layouts/about.liquid
A	_layouts/archive-category.liquid
A	_layouts/archive-tag.liquid
A	_layouts/archive-year.liquid
D	_layouts/archive.liquid
M	_layouts/bib.liquid
D	_layouts/book-review.liquid
D	_layouts/book-shelf.liquid
M	_layouts/distill.liquid
M	_layouts/post.liquid
M	_layouts/profiles.liquid
D	_news/en-us/announcement_2.md
D	_news/en-us/announcement_3.md
R071	_news/pt-br/announcement_1.md	_news/ja/announcement_1.md
D	_news/pt-br/announcement_2.md
D	_news/pt-br/announcement_3.md
M	_pages/en-us/about.md
D	_pages/en-us/about_einstein.md
A	_pages/en-us/access.md
M	_pages/en-us/blog.md
D	_pages/en-us/books.md
D	_pages/en-us/cv.md
D	_pages/en-us/dropdown.md
A	_pages/en-us/join.md
A	_pages/en-us/outreach.md
M	_pages/en-us/profiles.md
M	_pages/en-us/projects.md
M	_pages/en-us/publications.md
M	_pages/en-us/repositories.md
A	_pages/en-us/resources.md
D	_pages/en-us/teaching.md
A	_pages/ja/404.md
A	_pages/ja/about.md
A	_pages/ja/access.md
R095	_pages/pt-br/blog.md	_pages/ja/blog.md
A	_pages/ja/join.md
R080	_pages/pt-br/news.md	_pages/ja/news.md
A	_pages/ja/outreach.md
A	_pages/ja/profiles.md
R090	_pages/pt-br/projects.md	_pages/ja/projects.md
A	_pages/ja/publications.md
R080	_pages/pt-br/repositories.md	_pages/ja/repositories.md
A	_pages/ja/resources.md
D	_pages/pt-br/404.md
D	_pages/pt-br/about.md
D	_pages/pt-br/about_einstein.md
D	_pages/pt-br/books.md
D	_pages/pt-br/cv.md
D	_pages/pt-br/dropdown.md
D	_pages/pt-br/profiles.md
D	_pages/pt-br/publications.md
D	_pages/pt-br/teaching.md
A	_plugins/cache-bust.rb
A	_plugins/download-3rd-party.rb
M	_plugins/external-posts.rb
M	_plugins/google-scholar-citations.rb
D	_posts/en-us/2015-03-15-formatting-and-links.md
D	_posts/en-us/2015-05-15-images.md
D	_posts/en-us/2015-07-15-code.md
D	_posts/en-us/2015-10-20-disqus-comments.md
D	_posts/en-us/2015-10-20-math.md
D	_posts/en-us/2018-12-22-distill.md
D	_posts/en-us/2020-09-28-twitter.md
D	_posts/en-us/2021-07-04-diagrams.md
D	_posts/en-us/2022-02-01-redirect.md
D	_posts/en-us/2022-12-10-giscus-comments.md
D	_posts/en-us/2023-03-20-table-of-contents.md
D	_posts/en-us/2023-03-21-tables.md
D	_posts/en-us/2023-04-24-videos.md
D	_posts/en-us/2023-04-25-audios.md
D	_posts/en-us/2023-04-25-sidebar-table-of-contents.md
D	_posts/en-us/2023-05-12-custom-blockquotes.md
D	_posts/en-us/2023-07-04-jupyter-notebook.md
D	_posts/en-us/2023-07-12-post-bibliography.md
D	_posts/en-us/2023-12-12-tikzjax.md
D	_posts/en-us/2024-01-26-chartjs.md
D	_posts/en-us/2024-01-26-echarts.md
D	_posts/en-us/2024-01-26-geojson-map.md
D	_posts/en-us/2024-01-27-advanced-images.md
D	_posts/en-us/2024-01-27-code-diff.md
D	_posts/en-us/2024-01-27-vega-lite.md
D	_posts/en-us/2024-04-15-pseudocode.md
D	_posts/en-us/2024-04-28-post-citation.md
D	_posts/en-us/2024-04-29-typograms.md
D	_posts/en-us/2024-05-01-tabs.md
D	_posts/en-us/2024-12-04-photo-gallery.md
D	_posts/en-us/2025-03-26-plotly.md
A	_posts/ja/2024-01-23-hp-start.md
A	_posts/ja/2024-02-26-kikokuhattenn.md
A	_posts/ja/2024-02-27-newcomer.md
A	_posts/ja/2024-04-01-lab-start.md
A	_posts/ja/2024-04-06-open-campus.md
A	_posts/ja/2024-04-15-hector-join.md
A	_posts/ja/2024-04-20-daigakuin-taiken.md
A	_posts/ja/2024-05-10-badminton.md
A	_posts/ja/2024-05-30-equipment.md
A	_posts/ja/2024-06-06-kf-office.md
A	_posts/ja/2024-06-11-hmw-dna-extraction.md
A	_posts/ja/2024-06-17-rikkyo.md
A	_posts/ja/2024-06-26-ipmb2024.md
D	_posts/pt-br/2015-03-15-formatting-and-links.md
D	_posts/pt-br/2015-05-15-images.md
D	_posts/pt-br/2015-07-15-code.md
D	_posts/pt-br/2015-10-20-disqus-comments.md
D	_posts/pt-br/2015-10-20-math.md
D	_posts/pt-br/2018-12-22-distill.md
D	_posts/pt-br/2020-09-28-twitter.md
D	_posts/pt-br/2021-07-04-diagrams.md
D	_posts/pt-br/2022-02-01-redirect.md
D	_posts/pt-br/2022-12-10-giscus-comments.md
D	_posts/pt-br/2023-03-20-table-of-contents.md
D	_posts/pt-br/2023-03-21-tables.md
D	_posts/pt-br/2023-04-24-videos.md
D	_posts/pt-br/2023-04-25-audios.md
D	_posts/pt-br/2023-04-25-sidebar-table-of-contents.md
D	_posts/pt-br/2023-05-12-custom-blockquotes.md
D	_posts/pt-br/2023-07-04-jupyter-notebook.md
D	_posts/pt-br/2023-07-12-post-bibliography.md
D	_posts/pt-br/2023-12-12-tikzjax.md
D	_posts/pt-br/2024-01-26-chartjs.md
D	_posts/pt-br/2024-01-26-echarts.md
D	_posts/pt-br/2024-01-26-geojson-map.md
D	_posts/pt-br/2024-01-27-advanced-images.md
D	_posts/pt-br/2024-01-27-code-diff.md
D	_posts/pt-br/2024-01-27-vega-lite.md
D	_posts/pt-br/2024-04-15-pseudocode.md
D	_posts/pt-br/2024-04-28-post-citation.md
D	_posts/pt-br/2024-04-29-typograms.md
D	_posts/pt-br/2024-05-01-tabs.md
D	_posts/pt-br/2024-12-04-photo-gallery.md
D	_posts/pt-br/2025-03-26-plotly.md
A	_profiles/alumni/hector_montero.md
A	_profiles/alumni/yusuke_asaka.md
A	_profiles/katsuhiro_yoneoka.md
A	_profiles/kenji_fukushima.md
A	_profiles/naoto_inui.md
A	_profiles/sakiko_teramoto.md
A	_profiles/sayoko_shirai.md
A	_profiles/shunsuke_kanamori.md
A	_profiles/template.md
A	_profiles/tomoya_nishiguchi.md
A	_profiles/yoshino_hashimoto.md
A	_profiles/yuhan_guo.md
A	_projects/.DS_Store
M	_projects/en-us/1_project.md
M	_projects/en-us/2_project.md
M	_projects/en-us/3_project.md
M	_projects/en-us/4_project.md
D	_projects/en-us/5_project.md
D	_projects/en-us/6_project.md
D	_projects/en-us/7_project.md
D	_projects/en-us/8_project.md
D	_projects/en-us/9_project.md
A	_projects/ja/1_project.md
A	_projects/ja/2_project.md
A	_projects/ja/3_project.md
A	_projects/ja/4_project.md
D	_projects/pt-br/1_project.md
D	_projects/pt-br/2_project.md
D	_projects/pt-br/3_project.md
D	_projects/pt-br/4_project.md
D	_projects/pt-br/5_project.md
D	_projects/pt-br/6_project.md
D	_projects/pt-br/7_project.md
D	_projects/pt-br/8_project.md
D	_projects/pt-br/9_project.md
A	_sass/.DS_Store
M	_sass/_base.scss
M	_sass/_distill.scss
M	_sass/_layout.scss
M	_sass/_themes.scss
D	_scripts/giscus-setup.js
M	_scripts/search.liquid.js
A	assets/css/publications.css
A	assets/img/00_tiles.png
D	assets/img/1.jpg
D	assets/img/10.jpg
D	assets/img/11.jpg
D	assets/img/12.jpg
D	assets/img/2.jpg
D	assets/img/3.jpg
D	assets/img/4.jpg
D	assets/img/5.jpg
D	assets/img/6.jpg
D	assets/img/7.jpg
D	assets/img/8.jpg
D	assets/img/9.jpg
A	assets/img/book_covers/fukushima2022.jpg
D	assets/img/book_covers/the_godfather.jpg
A	assets/img/people/default.png
A	assets/img/people/hector_montero.jpg
A	assets/img/people/katsuhiro_yoneoka.png
A	assets/img/people/kenji_fukushima.jpg
A	assets/img/people/naoto_inui.png
A	assets/img/people/sakiko_teramoto.jpg
A	assets/img/people/shunsuke_kanamori.jpg
A	assets/img/people/tomoya_nishiguchi.jpeg
A	assets/img/people/yoshino_hashimoto.jpg
A	assets/img/people/yuhan_guo.jpg
A	assets/img/people/yuhan_guo0.jpg
A	assets/img/people/yusuke_asaka.png
R060	assets/img/prof_pic_color.png	assets/img/posts/20240401_041303483.MP.jpg
A	assets/img/posts/20240406_021448112.jpg
A	assets/img/posts/20240420_062050561.jpg
A	assets/img/posts/20240510_112044235.jpg
A	assets/img/posts/20240530_054614297.jpg
A	assets/img/posts/20240606_080038355.jpg
A	assets/img/posts/20240611_011423758.MP.jpg
A	assets/img/posts/20240626_ipmb.jpg
A	assets/img/posts/template_download.png
D	assets/img/prof_pic.jpg
A	assets/img/projects/MD5.txt
A	assets/img/projects/arabidopsis_IMG_20210318_124305_4-3_downsize.jpg
A	assets/img/projects/audrey1.jpg
A	assets/img/projects/bench.jpeg
A	assets/img/projects/brocchinia_IMG_20211207_133202_4-3.jpg
A	assets/img/projects/carnivorization.jpg
A	assets/img/projects/cephalotus_gland.jpg
A	assets/img/projects/cephalotus_heterophylly.jpg
A	assets/img/projects/cephalotus_molecular_biology.jpg
A	assets/img/projects/clean_bench.jpg
A	assets/img/projects/convergence_03.jpg
A	assets/img/projects/convergence_03_4-3.jpg
A	assets/img/projects/csubst_code.png
A	assets/img/projects/cultivation_room_at.jpg
A	assets/img/projects/cultivation_room_cp.jpg
A	assets/img/projects/ecoli_3d-representation-microscopic-pathogens.jpg
A	assets/img/projects/greenhouse_IMG_20200811_173741_downsize.jpg
A	assets/img/projects/gwas.jpg
A	assets/img/projects/heterotrophs_03.jpg
A	assets/img/projects/hymenasplenium_murakami-hatanakae.jpeg
A	assets/img/projects/incubator_IMG_20220124_115601_downsize.jpg
A	assets/img/projects/incubator_cp.jpg
A	assets/img/projects/lab_equipment1.jpg
A	assets/img/projects/lab_equipment2.jpg
A	assets/img/projects/lab_equipment3.jpg
A	assets/img/projects/lab_equipment4.jpg
A	assets/img/projects/leaf_development.jpg
A	assets/img/projects/ligia_sp.jpg
A	assets/img/projects/multigene_family_4-3.jpg
A	assets/img/projects/nepenthes_cephalotus_IMG_20220928_102207_4-3.jpg
A	assets/img/projects/nicotiana_benthamiana.jpg
A	assets/img/projects/office.jpeg
A	assets/img/projects/ou.jpg
A	assets/img/projects/plant-gene-from-herbs-leaves-generative-ai_small.jpg
A	assets/img/projects/protein_structure.jpg
A	assets/img/projects/tea_room.jpg
A	assets/img/projects/tract_01_notext.jpg
A	assets/img/projects/triphyophyllum_IMG_20240110_110438_downsize.jpg
A	assets/img/publication_preview/Fukushima2008.png
A	assets/img/publication_preview/Fukushima2009.png
A	assets/img/publication_preview/Fukushima2011.png
A	assets/img/publication_preview/Fukushima2015.png
A	assets/img/publication_preview/albertCPGenome2025.png
D	assets/img/publication_preview/brownian-motion.gif
A	assets/img/publication_preview/default_6902950.png
A	assets/img/publication_preview/dongboPlantSingleCell2026.png
A	assets/img/publication_preview/freundDigestiveSystemsCarnivorous2022.png
A	assets/img/publication_preview/fukushimaAdaxialAbaxialPolarity2014.png
A	assets/img/publication_preview/fukushimaAmalgamatedCrossspeciesTranscriptomes2020.png
A	assets/img/publication_preview/fukushimaCarnivorousPlantsUnlocking2023.png
A	assets/img/publication_preview/fukushimaDetectingMacroevolutionaryGenotype2023.png
A	assets/img/publication_preview/fukushimaDiscordanceSeasonallyCovarying2021.png
A	assets/img/publication_preview/fukushimaGenomePitcherPlant2017.png
A	assets/img/publication_preview/fukushimaKalanchoe2026.png
A	assets/img/publication_preview/hedrichOriginCarnivoryMolecular2021.png
A	assets/img/publication_preview/monteroMycorrhizalLoss2025.png
A	assets/img/publication_preview/monteroNonpreyBioticInteractions2023.png
A	assets/img/publication_preview/robledilloDrosera2025.png
A	assets/img/publication_preview/saulSubgenomeDominanceShapes2023.png
A	assets/img/publication_preview/suetsuguGastrodia2025.png
A	assets/img/publication_preview/suetsuguTranscriptomicHeterochronyCompletely2023.png
A	assets/img/publication_preview/wakatakeCephalotus2025.png
D	assets/img/publication_preview/wave-mechanics.gif
D	assets/img/rhino.png
D	assets/img/template_error.png
M	assets/js/common.js
M	assets/js/copy_code.js
R069	_scripts/cronitor-analytics-setup.js	assets/js/cronitor-analytics-setup.js
M	assets/js/distillpub/overrides.js
M	assets/js/distillpub/template.v2.js
M	assets/js/distillpub/transforms.v2.js
R067	_scripts/google-analytics-setup.js	assets/js/google-analytics-setup.js
R074	_scripts/open-panel-analytics-setup.js	assets/js/open-panel-analytics-setup.js
R080	_scripts/photoswipe-setup.js	assets/js/photoswipe-setup.js
D	assets/js/plotly-setup.js
M	assets/js/shortcut-key.js
M	assets/js/theme.js
M	assets/json/resume_pt-br.json
M	assets/jupyter/blog.ipynb
R100	assets/pdf/pt-br/example_pdf.pdf	assets/pdf/ja/example_pdf.pdf
A	assets/pdf/jobad_2018SKA.pdf
A	assets/pdf/jobad_2021DFG.pdf
A	assets/pdf/jobad_2021HFSP.pdf
A	assets/pdf/jobad_2023NIGCFR.pdf
M	bin/cibuild
M	bin/deploy
D	bin/update_scholar_citations.py
M	docker-compose.yml
M	package-lock.json
M	package.json
M	requirements.txt
